timestamp,temp,hum,mic,ax,ay,az
1773578328.5847316,21.9,28.7,0,-4152,-92,4
1773578328.6050642,21.9,28.7,0,-4152,-92,4
1773578328.6258385,21.9,28.7,1,-4220,-72,108
1773578328.6464698,21.9,28.7,1,-4220,-72,108
1773578328.6671257,21.9,28.7,1,-4132,-132,-52
1773578328.687552,21.9,28.7,1,-4132,-132,-52
1773578328.708373,21.9,28.7,1,-4132,-132,-52
1773578328.7289548,21.9,28.7,1,-4136,-128,-52
1773578328.7492752,21.9,28.7,1,-4136,-128,-52
1773578328.7696788,21.9,28.7,0,-4220,-88,68
1773578328.7899826,21.9,28.7,0,-4220,-88,68
1773578328.8105261,21.9,28.7,0,-4220,-88,68
1773578328.8312755,21.9,28.7,0,-4176,-132,0
1773578328.8526423,21.9,28.7,0,-4176,-132,0
1773578328.872986,21.9,28.7,1,-4084,-128,-84
1773578328.8932524,21.9,28.7,1,-4084,-128,-84
1773578328.9138646,21.9,28.7,1,-4084,-128,-84
1773578328.934583,21.9,28.7,1,-4204,-84,32
1773578328.9554675,21.9,28.7,1,-4204,-84,32
1773578328.9762049,21.9,28.7,1,-4204,-84,32
1773578328.9965153,21.9,28.7,0,-4204,-68,44
1773578329.0168228,21.9,28.7,0,-4204,-68,44
1773578329.0375006,21.9,28.7,0,-4100,-120,-92
1773578329.0579512,21.9,28.7,0,-4100,-120,-92
1773578329.0788572,21.9,28.7,0,-4100,-120,-92
1773578329.0996008,21.9,28.7,1,-4180,-112,-60
1773578329.1204493,21.9,28.7,1,-4180,-112,-60
1773578329.140867,21.9,28.7,0,-4220,-68,112
1773578329.161662,21.9,28.7,0,-4220,-68,112
1773578329.1819584,21.9,28.7,0,-4220,-68,112
1773578329.2034419,21.9,28.7,0,-4184,-112,-72
1773578329.2238684,21.9,28.7,0,-4184,-112,-72
1773578329.244392,21.9,28.7,1,-4132,-124,-96
1773578329.2648659,21.9,28.7,1,-4132,-124,-96
1773578329.2860014,21.9,28.7,1,-4132,-124,-96
1773578329.3066652,21.9,28.7,0,-4240,-104,116
1773578329.327349,21.9,28.7,0,-4240,-104,116
1773578329.3481035,21.9,28.7,0,-4240,-104,116
1773578329.3687837,21.9,28.7,0,-4180,-128,-12
1773578329.3889873,21.9,28.7,0,-4180,-128,-12
1773578329.409428,21.9,28.7,1,-4104,-128,-108
1773578329.4299562,21.9,28.7,1,-4104,-128,-108
1773578329.450611,21.9,28.7,1,-4104,-128,-108
1773578329.4709122,21.9,28.7,1,-4228,-104,60
1773578329.49174,21.9,28.7,1,-4228,-104,60
1773578329.5122857,21.9,28.7,0,-4188,-128,32
1773578329.5331597,21.9,28.7,0,-4188,-128,32
1773578329.5537379,21.9,28.7,0,-4188,-128,32
1773578329.57449,21.9,28.7,1,-4100,-140,-100
1773578329.5969675,21.9,28.7,1,-4100,-140,-100
1773578329.6174006,21.9,28.7,0,-4208,-92,4
1773578329.6377852,21.9,28.7,0,-4208,-92,4
1773578329.6582956,21.9,28.7,0,-4208,-92,4
1773578329.6788807,21.9,28.7,0,-4216,-76,128
1773578329.699483,21.9,28.7,0,-4216,-76,128
1773578329.720106,21.9,28.7,1,-4124,-144,-104
1773578329.7406063,21.9,28.7,1,-4124,-144,-104
1773578329.7615066,21.9,28.7,1,-4124,-144,-104
1773578329.781905,21.9,28.7,1,-4156,-92,-60
1773578329.8021178,21.9,28.7,1,-4156,-92,-60
1773578329.8225958,21.9,28.7,1,-4156,-92,-60
1773578329.8430045,21.9,28.7,1,-4216,-68,120
1773578329.8635821,21.9,28.7,1,-4216,-68,120
1773578329.8844085,21.9,28.7,0,-4180,-112,-44
1773578329.9049644,21.9,28.7,0,-4180,-112,-44
1773578329.9254684,21.9,28.7,0,-4180,-112,-44
1773578329.9458995,21.9,28.7,1,-4124,-116,-88
1773578329.966504,21.9,28.7,1,-4124,-116,-88
1773578329.9870281,21.9,28.7,1,-4220,-84,104
1773578330.0075812,21.9,28.7,1,-4220,-84,104
1773578330.028724,21.9,28.7,1,-4220,-84,104
1773578330.0494635,21.9,28.7,0,-4200,-104,0
1773578330.069863,21.9,28.7,0,-4200,-104,0
1773578330.090604,21.9,28.7,0,-4200,-104,0
1773578330.1109693,21.9,28.7,1,-4120,-144,-108
1773578330.1317387,21.9,28.7,1,-4120,-144,-108
1773578330.1521304,21.9,28.7,1,-4208,-80,32
1773578330.1726427,21.9,28.7,1,-4208,-80,32
1773578330.1929953,21.9,28.7,1,-4208,-80,32
1773578330.2140782,21.9,28.7,1,-4224,-64,48
1773578330.2346652,21.9,28.7,1,-4224,-64,48
1773578330.2550905,21.9,28.7,1,-4224,-64,48
1773578330.2757926,21.9,28.7,1,-4228,-80,76
1773578330.2961354,21.9,28.7,1,-4228,-80,76
1773578330.3167386,21.9,28.7,1,-4228,-80,76
1773578330.3377478,21.9,28.7,0,-4192,-120,36
1773578330.3583853,21.9,28.7,0,-4192,-120,36
1773578330.3787978,21.9,28.7,0,-4192,-120,36
1773578330.3992968,21.9,28.7,1,-4124,-112,-116
1773578330.4196563,21.9,28.7,1,-4124,-112,-116
1773578330.4400315,21.9,28.7,0,-4204,-100,28
1773578330.4604888,21.9,28.7,0,-4204,-100,28
1773578330.4814963,21.9,28.7,0,-4204,-100,28
1773578330.5027277,21.9,28.7,0,-4184,-100,104
1773578330.523139,21.9,28.7,0,-4184,-100,104
1773578330.5437667,21.9,28.7,1,-4088,-172,-84
1773578330.5642715,21.9,28.7,1,-4088,-172,-84
1773578330.5847383,21.9,28.7,1,-4088,-172,-84
1773578330.6055431,21.9,28.7,1,-4176,-92,60
1773578330.6264498,21.9,28.7,1,-4176,-92,60
1773578330.6470368,21.9,28.7,0,-4220,-80,104
1773578330.6671534,21.9,28.7,0,-4220,-80,104
1773578330.6875525,21.9,28.7,0,-4220,-80,104
1773578330.7081234,21.9,28.7,0,-4116,-132,-76
1773578330.7285142,21.9,28.7,0,-4116,-132,-76
1773578330.7491155,21.9,28.7,0,-4116,-132,-76
1773578330.7698152,21.9,28.7,1,-4144,-148,-4
1773578330.7905476,21.9,28.7,1,-4144,-148,-4
1773578330.8110623,21.9,28.7,0,-4224,-116,76
1773578330.8314815,21.9,28.7,0,-4224,-116,76
1773578330.8522437,21.9,28.7,0,-4224,-116,76
1773578330.8726916,21.9,28.7,0,-4148,-120,-24
1773578330.8943684,21.9,28.7,0,-4148,-120,-24
1773578330.9148862,21.9,28.7,1,-4120,-124,-72
1773578330.936188,21.9,28.7,1,-4120,-124,-72
1773578330.95674,21.9,28.7,1,-4120,-124,-72
1773578330.9774861,21.9,28.7,1,-4224,-108,16
1773578330.997671,21.9,28.7,1,-4224,-108,16
1773578331.0185037,21.9,28.7,0,-4164,-80,40
1773578331.0388198,21.9,28.7,0,-4164,-80,40
1773578331.0594926,21.9,28.7,0,-4164,-80,40
1773578331.0800948,21.9,28.7,1,-4112,-136,-100
1773578331.1011746,21.9,28.7,1,-4112,-136,-100
1773578331.1221113,21.9,28.7,1,-4112,-136,-100
1773578331.1426241,21.9,28.7,1,-4232,-124,-8
1773578331.1632361,21.9,28.7,1,-4232,-124,-8
1773578331.1836746,21.9,28.7,0,-4216,-72,116
1773578331.204105,21.9,28.7,0,-4216,-72,116
1773578331.2247493,21.9,28.7,0,-4216,-72,116
1773578331.2454693,21.9,28.7,1,-4156,-108,-72
1773578331.26584,21.9,28.7,1,-4156,-108,-72
1773578331.2861657,21.9,28.7,1,-4168,-152,-88
1773578331.306747,21.9,28.7,1,-4168,-152,-88
1773578331.3269982,21.9,28.7,1,-4168,-152,-88
1773578331.3474941,21.9,28.7,1,-4224,-80,108
1773578331.3681264,21.9,28.7,1,-4224,-80,108
1773578331.3884778,21.9,28.7,1,-4224,-80,108
1773578331.409227,21.9,28.7,1,-4172,-100,-20
1773578331.429822,21.9,28.7,1,-4172,-100,-20
1773578331.4503708,21.9,28.7,1,-4116,-152,-96
1773578331.470843,21.9,28.7,1,-4116,-152,-96
1773578331.4915466,21.9,28.7,1,-4116,-152,-96
1773578331.511978,21.9,28.7,1,-4224,-104,64
1773578331.53253,21.9,28.7,1,-4224,-104,64
1773578331.5528297,21.9,28.7,0,-4216,-68,44
1773578331.5734978,21.9,28.7,0,-4216,-68,44
1773578331.5939963,21.9,28.7,0,-4216,-68,44
1773578331.6144972,21.9,28.7,1,-4128,-132,-32
1773578331.6354675,21.9,28.7,1,-4128,-132,-32
1773578331.6558075,21.9,28.7,0,-4220,-116,-12
1773578331.6760795,21.9,28.7,0,-4220,-116,-12
1773578331.6968336,21.9,28.7,0,-4220,-116,-12
1773578331.7176292,21.9,28.7,1,-4224,-96,116
1773578331.7379644,21.9,28.7,1,-4224,-96,116
1773578331.758364,21.9,28.7,1,-4224,-96,116
1773578331.7791033,21.9,28.7,0,-4156,-168,-52
1773578331.7993946,21.9,28.7,0,-4156,-168,-52
1773578331.819993,21.9,28.7,1,-4172,-108,-20
1773578331.8402214,21.9,28.7,1,-4172,-108,-20
1773578331.8605762,21.9,28.7,1,-4172,-108,-20
1773578331.8811817,21.9,28.7,0,-4224,-72,48
1773578331.9020307,21.9,28.7,0,-4224,-72,48
1773578331.9223943,21.9,28.7,0,-4196,-144,60
1773578331.942764,21.9,28.7,0,-4196,-144,60
1773578331.9631784,21.9,28.7,0,-4196,-144,60
1773578331.9836602,21.9,28.7,1,-4128,-156,-76
1773578332.0043507,21.9,28.7,1,-4128,-156,-76
1773578332.024837,21.9,28.7,1,-4128,-156,-76
1773578332.0455494,21.9,28.7,1,-4208,-104,40
1773578332.066093,21.9,28.7,1,-4208,-104,40
1773578332.0866363,21.9,28.7,1,-4204,-112,24
1773578332.1071925,21.9,28.7,1,-4204,-112,24
1773578332.1275375,21.9,28.7,1,-4204,-112,24
1773578332.147749,21.9,28.7,1,-4136,-92,-36
1773578332.1685193,21.9,28.7,1,-4136,-92,-36
1773578332.1890328,21.9,28.7,1,-4180,-92,-40
1773578332.209622,21.9,28.7,1,-4180,-92,-40
1773578332.2302163,21.9,28.7,1,-4180,-92,-40
1773578332.2508705,21.9,28.7,0,-4176,-128,40
1773578332.2711625,21.9,28.7,0,-4176,-128,40
1773578332.2915215,21.9,28.7,0,-4176,-128,40
1773578332.311821,21.9,28.7,0,-4176,-128,40
1773578332.33242,21.9,28.7,0,-4208,-80,-12
1773578332.3532567,21.9,28.7,0,-4208,-80,-12
1773578332.373984,21.9,28.7,0,-4184,-144,-12
1773578332.3945746,21.9,28.7,0,-4184,-144,-12
1773578332.4148211,21.9,28.7,0,-4184,-144,-12
1773578332.4353843,21.9,28.7,1,-4136,-64,-24
1773578332.4556983,21.9,28.7,1,-4136,-64,-24
1773578332.4762611,21.9,28.7,0,-4208,-120,-36
1773578332.4967039,21.9,28.7,0,-4208,-120,-36
1773578332.5169423,21.9,28.7,0,-4208,-120,-36
1773578332.5376918,21.9,28.7,0,-4196,-32,24
1773578332.5581481,21.9,28.7,0,-4196,-32,24
1773578332.5788195,21.9,28.7,0,-4196,-32,24
1773578332.5996675,21.9,28.7,0,-4184,-112,-28
1773578332.6201475,21.9,28.7,0,-4184,-112,-28
1773578332.640671,21.9,28.7,1,-4128,-124,-8
1773578332.6612194,21.9,28.7,1,-4128,-124,-8
1773578332.6817844,21.9,28.7,1,-4128,-124,-8
1773578332.7021527,21.9,28.7,1,-4208,-164,40
1773578332.7229025,21.9,28.7,1,-4208,-164,40
1773578332.7433443,21.9,28.7,1,-4124,-132,-120
1773578332.7639894,21.9,28.7,1,-4124,-132,-120
1773578332.7842968,21.9,28.7,1,-4124,-132,-120
1773578332.8052833,21.9,28.7,1,-4072,-108,44
1773578332.8256612,21.9,28.7,1,-4072,-108,44
1773578332.8463314,21.9,28.7,1,-4072,-108,44
1773578332.8666072,21.9,28.7,0,-4188,-104,40
1773578332.8872757,21.9,28.7,0,-4188,-104,40
1773578332.9079282,21.9,28.7,0,-4224,-124,32
1773578332.9283159,21.9,28.7,0,-4224,-124,32
1773578332.9489875,21.9,28.7,0,-4224,-124,32
1773578332.9697623,21.9,28.7,0,-4132,-24,-32
1773578332.990219,21.9,28.7,0,-4132,-24,-32
1773578333.010591,21.9,28.7,1,-4184,-156,92
1773578333.031161,21.9,28.7,1,-4184,-156,92
1773578333.052757,21.9,28.7,1,-4184,-156,92
1773578333.073232,21.9,28.7,1,-4156,-64,52
1773578333.0938082,21.9,28.7,1,-4156,-64,52
1773578333.1145518,21.9,28.7,1,-4152,-44,-76
1773578333.1353955,21.9,28.7,1,-4152,-44,-76
1773578333.1570778,21.9,28.7,1,-4152,-44,-76
1773578333.1778076,21.9,28.7,0,-4208,-92,44
1773578333.1983337,21.9,28.7,0,-4208,-92,44
1773578333.2193449,21.9,28.7,1,-4172,-76,76
1773578333.2401571,21.9,28.7,1,-4172,-76,76
1773578333.2607691,21.9,28.7,1,-4172,-76,76
1773578333.2814326,21.9,28.7,0,-4152,-188,-72
1773578333.3020432,21.9,28.7,0,-4152,-188,-72
1773578333.3224082,21.9,28.7,0,-4152,-188,-72
1773578333.3432755,21.9,28.7,1,-4156,28,96
1773578333.363673,21.9,28.7,1,-4156,28,96
1773578333.3844116,21.9,28.7,0,-4172,-196,52
1773578333.4051816,21.9,28.7,0,-4172,-196,52
1773578333.42563,21.9,28.7,0,-4172,-196,52
1773578333.4462373,21.9,28.7,1,-4164,-132,24
1773578333.4669683,21.9,28.7,1,-4164,-132,24
1773578333.4877377,21.9,28.7,1,-4196,-120,-12
1773578333.5082464,21.9,28.7,1,-4196,-120,-12
1773578333.5287113,21.9,28.7,1,-4196,-120,-12
1773578333.5490437,21.9,28.7,1,-4148,-104,72
1773578333.5694103,21.9,28.7,1,-4148,-104,72
1773578333.5900629,21.9,28.7,0,-4144,-60,20
1773578333.6114347,21.9,28.7,0,-4144,-60,20
1773578333.6321042,21.9,28.7,0,-4144,-60,20
1773578333.6533155,21.9,28.7,1,-4200,-128,12
1773578333.673957,21.9,28.7,1,-4200,-128,12
1773578333.6946,21.9,28.7,1,-4200,-128,12
1773578333.715254,21.9,28.7,1,-4152,-136,140
1773578333.7360504,21.9,28.7,1,-4152,-136,140
1773578333.756623,21.9,28.7,0,-4188,-40,-4
1773578333.7774267,21.9,28.7,0,-4188,-40,-4
1773578333.7980547,21.9,28.7,0,-4188,-40,-4
1773578333.8191218,21.9,28.7,1,-4152,-252,-36
1773578333.8397036,21.9,28.7,1,-4152,-252,-36
1773578333.8602538,21.9,28.7,0,-4108,-40,140
1773578333.8807454,21.9,28.7,0,-4108,-40,140
1773578333.9022489,21.9,28.7,0,-4108,-40,140
1773578333.923217,21.9,28.7,1,-4176,-144,-64
1773578333.9436493,21.9,28.7,1,-4176,-144,-64
1773578333.9640543,21.9,28.7,1,-4108,-52,-68
1773578333.9855802,21.9,28.7,1,-4108,-52,-68
1773578334.006321,21.9,28.7,1,-4108,-52,-68
1773578334.0268033,21.9,28.7,1,-4092,-120,76
1773578334.0475187,21.9,28.7,1,-4092,-120,76
1773578334.0678043,21.9,28.7,0,-4144,-272,-100
1773578334.0882404,21.9,28.7,0,-4144,-272,-100
1773578334.108726,21.9,28.7,0,-4144,-272,-100
1773578334.1291113,21.9,28.7,0,-4180,116,56
1773578334.1498296,21.9,28.7,0,-4180,116,56
1773578334.170268,21.9,28.7,0,-4180,116,56
1773578334.1905816,21.9,28.7,1,-4232,-316,32
1773578334.211051,21.9,28.7,1,-4232,-316,32
1773578334.23162,21.9,28.7,0,-4120,92,-92
1773578334.25231,21.9,28.7,0,-4120,92,-92
1773578334.272914,21.9,28.7,0,-4120,92,-92
1773578334.2932134,21.9,28.7,1,-4224,-248,-72
1773578334.3137267,21.9,28.7,1,-4224,-248,-72
1773578334.3341463,21.9,28.7,1,-4224,-248,-72
1773578334.3550076,21.9,28.7,1,-4224,-248,-72
1773578334.3756027,21.9,28.7,1,-4144,-260,-120
1773578334.3976228,21.9,28.7,1,-4144,-260,-120
1773578334.4204032,21.9,28.7,1,-4224,64,88
1773578334.4408116,21.9,28.7,1,-4224,64,88
1773578334.4615746,21.9,28.7,1,-4224,64,88
1773578334.4821706,21.9,28.7,0,-4212,-200,36
1773578334.5030305,21.9,28.7,0,-4212,-200,36
1773578334.5239465,21.9,28.7,1,-4248,104,8
1773578334.544654,21.9,28.7,1,-4248,104,8
1773578334.5653813,21.9,28.7,1,-4248,104,8
1773578334.5860918,21.9,28.7,1,-4172,-240,340
1773578334.6064577,21.9,28.7,1,-4172,-240,340
1773578334.6269295,21.9,28.7,0,-4152,-152,-176
1773578334.6472135,21.9,28.7,0,-4152,-152,-176
1773578334.667768,21.9,28.7,0,-4152,-152,-176
1773578334.68851,21.9,28.7,0,-4192,-116,4
1773578334.7090259,21.9,28.7,0,-4192,-116,4
1773578334.7294202,21.9,28.7,0,-4224,-200,32
1773578334.7497864,21.9,28.7,0,-4224,-200,32
1773578334.7701874,21.9,28.7,0,-4224,-200,32
1773578334.7905755,21.9,28.7,0,-4164,100,-12
1773578334.8109338,21.9,28.7,0,-4164,100,-12
1773578334.8317025,21.9,28.7,0,-4164,100,-12
1773578334.855666,21.9,28.7,0,-4132,-240,252
1773578334.8760087,21.9,28.7,0,-4132,-240,252
1773578334.8964758,21.9,28.7,1,-4192,-84,-196
1773578334.919818,21.9,28.7,1,-4192,-84,-196
1773578334.9401724,21.9,28.7,1,-4192,-84,-196
1773578334.9608746,21.9,28.7,0,-4176,-24,56
1773578334.9815822,21.9,28.7,0,-4176,-24,56
1773578335.0025501,21.9,28.7,0,-4224,-116,0
1773578335.0231524,21.9,28.7,0,-4224,-116,0
1773578335.0434546,21.9,28.7,0,-4224,-116,0
1773578335.0641348,21.9,28.7,1,-4228,-72,-20
1773578335.0850806,21.9,28.7,1,-4228,-72,-20
1773578335.105362,21.9,28.7,0,-4132,-240,68
1773578335.1260731,21.9,28.7,0,-4132,-240,68
1773578335.1469321,21.9,28.7,0,-4132,-240,68
1773578335.1674557,21.9,28.7,1,-4116,52,-200
1773578335.1890223,21.9,28.7,1,-4116,52,-200
1773578335.210215,21.9,28.7,0,-4208,-212,72
1773578335.2306635,21.9,28.7,0,-4208,-212,72
1773578335.2509887,21.9,28.7,0,-4208,-212,72
1773578335.2716608,21.9,28.7,1,-4148,-208,56
1773578335.2921193,21.9,28.7,1,-4148,-208,56
1773578335.312764,21.9,28.7,1,-4148,-208,56
1773578335.3330824,21.9,28.7,1,-4176,-8,-64
1773578335.3533294,21.9,28.7,1,-4176,-8,-64
1773578335.3737023,21.9,28.7,0,-4248,-92,132
1773578335.3945844,21.9,28.7,0,-4248,-92,132
1773578335.4152582,21.9,28.7,0,-4248,-92,132
1773578335.4362757,21.9,28.7,1,-4204,28,-4
1773578335.4570687,21.9,28.7,1,-4204,28,-4
1773578335.4773843,21.9,28.7,1,-4164,-296,-32
1773578335.4979467,21.9,28.7,1,-4164,-296,-32
1773578335.5201066,21.9,28.7,1,-4164,-296,-32
1773578335.5404458,21.9,28.7,1,-4156,92,-204
1773578335.5610032,21.9,28.7,1,-4156,92,-204
1773578335.5816078,21.9,28.7,0,-4140,-140,132
1773578335.6030354,21.9,28.7,0,-4140,-140,132
1773578335.6245317,21.9,28.7,0,-4140,-140,132
1773578335.6491008,21.9,28.7,0,-4068,-116,-112
1773578335.6698084,21.9,28.7,0,-4068,-116,-112
1773578335.6903458,21.9,28.7,0,-4168,-120,8
1773578335.711027,21.9,28.7,0,-4168,-120,8
1773578335.7315583,21.9,28.7,0,-4168,-120,8
1773578335.75319,21.9,28.7,0,-4168,-148,-96
1773578335.7738209,21.9,28.7,0,-4168,-148,-96
1773578335.794219,21.9,28.7,1,-4156,-8,-76
1773578335.8144686,21.9,28.7,1,-4156,-8,-76
1773578335.8347356,21.9,28.7,1,-4156,-8,-76
1773578335.8550475,21.9,28.7,0,-4252,-164,68
1773578335.8754919,21.9,28.7,0,-4252,-164,68
1773578335.8960044,21.9,28.7,0,-4252,-164,68
1773578335.9165726,21.9,28.7,1,-4144,-52,4
1773578335.9371264,21.9,28.7,1,-4144,-52,4
1773578335.957597,21.9,28.7,1,-4116,-360,72
1773578335.978178,21.9,28.7,1,-4116,-360,72
1773578335.9990413,21.9,28.7,1,-4116,-360,72
1773578336.0194638,21.9,28.7,0,-4208,76,-160
1773578336.0397184,21.9,28.7,0,-4208,76,-160
1773578336.0603826,21.9,28.7,1,-4188,-156,224
1773578336.0810034,21.9,28.7,1,-4188,-156,224
1773578336.1026785,21.9,28.7,1,-4188,-156,224
1773578336.1236126,21.9,28.7,1,-4148,20,-112
1773578336.1445234,21.9,28.7,1,-4148,20,-112
1773578336.1657887,21.9,28.7,1,-4140,-180,40
1773578336.1862745,21.9,28.7,1,-4140,-180,40
1773578336.2067046,21.9,28.7,1,-4140,-180,40
1773578336.2276928,21.9,28.7,0,-4176,-156,-48
1773578336.2489896,21.9,28.7,0,-4176,-156,-48
1773578336.2695117,21.9,28.7,1,-4176,-64,-36
1773578336.2900705,21.9,28.7,1,-4176,-64,-36
1773578336.3110096,21.9,28.7,1,-4176,-64,-36
1773578336.3315442,21.9,28.7,0,-4252,-156,64
1773578336.353402,21.9,28.7,0,-4252,-156,64
1773578336.3737385,21.9,28.7,0,-4252,-156,64
1773578336.3944192,21.9,28.7,0,-4252,-156,64
1773578336.4151764,21.9,28.7,1,-4160,-136,48
1773578336.4360697,21.9,28.7,1,-4160,-136,48
1773578336.4567204,21.9,28.7,0,-4140,-204,-100
1773578336.477661,21.9,28.7,0,-4140,-204,-100
1773578336.4986656,21.9,28.7,0,-4140,-204,-100
1773578336.5191011,21.9,28.7,1,-4148,-24,-44
1773578336.5398278,21.9,28.7,1,-4148,-24,-44
1773578336.5604873,21.9,28.7,0,-4272,-164,200
1773578336.5834937,21.9,28.7,0,-4272,-164,200
1773578336.6041257,21.9,28.7,0,-4272,-164,200
1773578336.6250558,21.9,28.7,0,-4192,28,48
1773578336.6467638,21.9,28.7,0,-4192,28,48
1773578336.66773,21.9,28.7,1,-4084,-256,-60
1773578336.6882079,21.9,28.7,1,-4084,-256,-60
1773578336.708447,21.9,28.7,1,-4084,-256,-60
1773578336.7299721,21.9,28.7,0,-4044,124,-256
1773578336.7540064,21.9,28.7,0,-4044,124,-256
1773578336.7747588,21.9,28.7,1,-4224,-204,196
1773578336.7957597,21.9,28.7,1,-4224,-204,196
1773578336.81689,21.9,28.7,1,-4224,-204,196
1773578336.837794,21.9,28.7,1,-4156,-168,76
1773578336.858336,21.9,28.7,1,-4156,-168,76
1773578336.8795712,21.9,28.7,1,-4164,-4,44
1773578336.900627,21.9,28.7,1,-4164,-4,44
1773578336.9213629,21.9,28.7,1,-4164,-4,44
1773578336.942058,21.9,28.7,1,-4240,-96,56
1773578336.9624853,21.9,28.7,1,-4240,-96,56
1773578336.9830477,21.9,28.7,0,-4220,-104,40
1773578337.0033505,21.9,28.7,0,-4220,-104,40
1773578337.0238943,21.9,28.7,0,-4220,-104,40
1773578337.0446324,21.9,28.7,1,-4164,-300,176
1773578337.0650845,21.9,28.7,1,-4164,-300,176
1773578337.0853071,21.9,28.7,1,-4164,-300,176
1773578337.1058786,21.9,28.7,0,-4060,124,-280
1773578337.126681,21.9,28.7,0,-4060,124,-280
1773578337.1473148,21.9,28.7,0,-4236,-208,88
1773578337.1679611,21.9,28.7,0,-4236,-208,88
1773578337.1890514,21.9,28.7,0,-4236,-208,88
1773578337.209464,21.9,28.7,0,-4156,-204,56
1773578337.2304947,21.9,28.7,0,-4156,-204,56
1773578337.2515996,21.9,28.7,1,-4120,8,0
1773578337.2724202,21.9,28.7,1,-4120,8,0
1773578337.2928355,21.9,28.7,1,-4120,8,0
1773578337.3136718,21.9,28.7,0,-4224,-92,-32
1773578337.3343055,21.9,28.7,0,-4224,-92,-32
1773578337.354662,21.9,28.7,0,-4188,-64,20
1773578337.374996,21.9,28.7,0,-4188,-64,20
1773578337.396448,21.9,28.7,0,-4188,-64,20
1773578337.4181383,21.9,28.7,1,-4104,-244,0
1773578337.4393358,21.9,28.7,1,-4104,-244,0
1773578337.459903,21.9,28.7,1,-4104,-244,0
1773578337.4808555,21.9,28.7,0,-4028,128,-196
1773578337.5025692,21.9,28.7,0,-4028,128,-196
1773578337.5230896,21.9,28.7,0,-4236,-156,144
1773578337.5438743,21.9,28.7,0,-4236,-156,144
1773578337.5650518,21.9,28.7,0,-4236,-156,144
1773578337.5862145,21.9,28.7,1,-4204,-236,124
1773578337.606921,21.9,28.7,1,-4204,-236,124
1773578337.6278863,21.9,28.7,1,-4188,12,28
1773578337.6484451,21.9,28.7,1,-4188,12,28
1773578337.6698523,21.9,28.7,1,-4188,12,28
1773578337.690107,21.9,28.7,1,-4232,-112,116
1773578337.7110782,21.9,28.7,1,-4232,-112,116
1773578337.7325616,21.9,28.7,1,-4164,32,-32
1773578337.7539985,21.9,28.7,1,-4164,32,-32
1773578337.7744985,21.9,28.7,1,-4164,32,-32
1773578337.795339,21.9,28.7,1,-4132,-156,152
1773578337.816192,21.9,28.7,1,-4132,-156,152
1773578337.8372805,21.9,28.7,0,-4152,-140,-276
1773578337.85793,21.9,28.7,0,-4152,-140,-276
1773578337.8794277,21.9,28.7,0,-4152,-140,-276
1773578337.901017,21.9,28.7,0,-4180,-16,4
1773578337.9229255,21.9,28.7,0,-4180,-16,4
1773578337.9433093,21.9,28.7,0,-4204,-120,44
1773578337.9643478,21.9,28.7,0,-4204,-120,44
1773578337.9846523,21.9,28.7,0,-4204,-120,44
1773578338.005416,21.9,28.7,1,-4196,-104,-48
1773578338.0258827,21.9,28.7,1,-4196,-104,-48
1773578338.046863,21.9,28.7,1,-4148,-276,80
1773578338.0681329,21.9,28.7,1,-4148,-276,80
1773578338.0889232,21.9,28.7,1,-4148,-276,80
1773578338.1094751,21.9,28.7,0,-4044,40,-88
1773578338.1301045,21.9,28.7,0,-4044,40,-88
1773578338.1505532,21.9,28.7,1,-4216,-100,92
1773578338.1709664,21.9,28.7,1,-4216,-100,92
1773578338.1914332,21.9,28.7,1,-4216,-100,92
1773578338.2120743,21.9,28.7,1,-4184,-224,96
1773578338.2325644,21.9,28.7,1,-4184,-224,96
1773578338.2531826,21.9,28.7,1,-4184,-224,96
1773578338.2736738,21.9,28.7,1,-4132,-120,-240
1773578338.2944584,21.9,28.7,1,-4132,-120,-240
1773578338.3150074,21.9,28.7,1,-4128,-216,76
1773578338.3355095,21.9,28.7,1,-4128,-216,76
1773578338.3563328,21.9,28.7,1,-4128,-216,76
1773578338.3769574,21.9,28.7,1,-4124,56,-184
1773578338.3983648,21.9,28.7,1,-4124,56,-184
1773578338.419001,21.9,28.7,1,-4124,56,-184
1773578338.4397666,21.9,28.7,1,-4124,56,-184
1773578338.461626,21.9,28.7,1,-4152,-220,124
1773578338.4823425,21.9,28.7,1,-4152,-220,124
1773578338.5038347,21.9,28.7,0,-4120,44,-168
1773578338.5243511,21.9,28.7,0,-4120,44,-168
1773578338.5449739,21.9,28.7,0,-4120,44,-168
1773578338.5658858,21.9,28.7,0,-4192,-220,88
1773578338.5864024,21.9,28.7,0,-4192,-220,88
1773578338.6067169,21.9,28.7,0,-4172,-208,-40
1773578338.628063,21.9,28.7,0,-4172,-208,-40
1773578338.650443,21.9,28.7,0,-4172,-208,-40
1773578338.671163,21.9,28.7,1,-4176,-72,-104
1773578338.6918354,21.9,28.7,1,-4176,-72,-104
1773578338.7127392,21.9,28.7,0,-4176,-140,-4
1773578338.7332957,21.9,28.7,0,-4176,-140,-4
1773578338.7543142,21.9,28.7,0,-4176,-140,-4
1773578338.7747498,21.9,28.7,0,-4156,28,-168
1773578338.7954783,21.9,28.7,0,-4156,28,-168
1773578338.8158364,21.9,28.7,0,-4184,-184,116
1773578338.8361015,21.9,28.7,0,-4184,-184,116
1773578338.8567896,21.9,28.7,0,-4184,-184,116
1773578338.8773813,21.9,28.7,0,-4196,-228,-64
1773578338.8982875,21.9,28.7,0,-4196,-228,-64
1773578338.9190872,21.9,28.7,0,-4152,-44,-40
1773578338.9396443,21.9,28.7,0,-4152,-44,-40
1773578338.9601398,21.9,28.7,0,-4152,-44,-40
1773578338.980477,21.9,28.7,1,-4164,-140,172
1773578339.0009751,21.9,28.7,1,-4164,-140,172
1773578339.0212543,21.9,28.7,1,-4164,-140,172
1773578339.0419674,21.9,28.7,0,-4160,16,-188
1773578339.0624425,21.9,28.7,0,-4160,16,-188
1773578339.0830238,21.9,28.7,0,-4212,-100,168
1773578339.1038408,21.9,28.7,0,-4212,-100,168
1773578339.1254978,21.9,28.7,0,-4212,-100,168
1773578339.1465218,21.9,28.7,0,-4176,-240,32
1773578339.1672454,21.9,28.7,0,-4176,-240,32
1773578339.1879554,21.9,28.7,1,-4180,-32,-176
1773578339.2084568,21.9,28.7,1,-4180,-32,-176
1773578339.2290962,21.9,28.7,1,-4180,-32,-176
1773578339.249437,21.9,28.7,1,-4156,-240,148
1773578339.2702396,21.9,28.7,1,-4156,-240,148
1773578339.2904944,21.9,28.7,0,-4012,-36,-52
1773578339.31162,21.9,28.7,0,-4012,-36,-52
1773578339.332275,21.9,28.7,0,-4012,-36,-52
1773578339.3528538,21.9,28.7,1,-4200,24,-20
1773578339.3734012,21.9,28.7,1,-4200,24,-20
1773578339.3941367,21.9,28.7,1,-4200,24,-20
1773578339.4144514,21.9,28.7,0,-4240,-192,156
1773578339.4348853,21.9,28.7,0,-4240,-192,156
1773578339.4553916,21.9,28.7,0,-4200,-48,-56
1773578339.4760695,21.9,28.7,0,-4200,-48,-56
1773578339.4967124,21.9,28.7,0,-4200,-48,-56
1773578339.5175545,21.9,28.7,1,-4156,-276,56
1773578339.5381312,21.9,28.7,1,-4156,-276,56
1773578339.5585716,21.9,28.7,1,-4188,-156,-140
1773578339.5812576,21.9,28.7,1,-4188,-156,-140
1773578339.6021605,21.9,28.7,1,-4188,-156,-140
1773578339.623218,21.9,28.7,0,-4132,36,64
1773578339.6438737,21.9,28.7,0,-4132,36,64
1773578339.6643198,21.9,28.7,1,-4212,-168,64
1773578339.6853964,21.9,28.7,1,-4212,-168,64
1773578339.705759,21.9,28.7,1,-4212,-168,64
1773578339.7262244,21.9,28.7,1,-4164,120,-4
1773578339.746797,21.9,28.7,1,-4164,120,-4
1773578339.7674315,21.9,28.7,0,-4164,-228,28
1773578339.7879739,21.9,28.7,0,-4164,-228,28
1773578339.8086789,21.9,28.7,0,-4164,-228,28
1773578339.8293095,21.9,28.7,1,-4204,-148,-4
1773578339.8497844,21.9,28.7,1,-4204,-148,-4
1773578339.871819,21.9,28.7,1,-4204,-148,-4
1773578339.892408,21.9,28.7,0,-4068,-172,-132
1773578339.9129984,21.9,28.7,0,-4068,-172,-132
1773578339.936215,21.9,28.7,1,-4120,-132,88
1773578339.9574997,21.9,28.7,1,-4120,-132,88
1773578339.9780643,21.9,28.7,1,-4120,-132,88
1773578339.9984608,21.9,28.7,0,-4068,-96,-92
1773578340.036537,21.9,28.7,1,-4244,28,24
1773578340.057519,21.9,28.7,1,-4244,28,24
1773578340.0781248,21.9,28.7,1,-4244,28,24
1773578340.0988925,21.9,28.7,0,-4216,-176,160
1773578340.1214957,21.9,28.7,0,-4216,-176,160
1773578340.1418452,21.9,28.7,0,-4236,100,-4
1773578340.1628554,21.9,28.7,0,-4236,100,-4
1773578340.1836786,21.9,28.7,0,-4236,100,-4
1773578340.2048967,21.9,28.7,1,-4140,-280,148
1773578340.225279,21.9,28.7,1,-4140,-280,148
1773578340.2456374,21.9,28.7,1,-4152,-148,-76
1773578340.2664,21.9,28.7,1,-4152,-148,-76
1773578340.2869458,21.9,28.7,1,-4152,-148,-76
1773578340.308292,21.9,28.7,1,-4104,-176,-124
1773578340.3287368,21.9,28.7,1,-4104,-176,-124
1773578340.3494878,21.9,28.7,1,-4104,-176,-124
1773578340.3699672,21.9,28.7,1,-4144,-88,128
1773578340.3909428,21.9,28.7,1,-4144,-88,128
1773578340.4116054,21.9,28.7,0,-4104,-72,-224
1773578340.4321465,21.9,28.7,0,-4104,-72,-224
1773578340.4525716,21.9,28.7,0,-4104,-72,-224
1773578340.473374,21.9,28.7,0,-4104,-72,-224
1773578340.49483,21.9,28.8,1,-4188,-208,44
1773578340.5153022,21.9,28.8,1,-4188,-208,44
1773578340.5367565,21.9,28.8,0,-4172,-204,-80
1773578340.5572348,21.9,28.8,0,-4172,-204,-80
1773578340.5776484,21.9,28.8,0,-4172,-204,-80
1773578340.5982869,21.9,28.8,1,-4164,88,12
1773578340.6192927,21.9,28.8,1,-4164,88,12
1773578340.639753,21.9,28.8,1,-4164,88,12
1773578340.659919,21.9,28.8,1,-4136,-204,-56
1773578340.6804428,21.9,28.8,1,-4136,-204,-56
1773578340.7009284,21.9,28.8,1,-4152,-4,-184
1773578340.7211053,21.9,28.8,1,-4152,-4,-184
1773578340.7415912,21.9,28.8,1,-4152,-4,-184
1773578340.7622747,21.9,28.8,0,-4216,-116,60
1773578340.7829194,21.9,28.8,0,-4216,-116,60
1773578340.803744,21.9,28.8,0,-4240,-104,160
1773578340.8239746,21.9,28.8,0,-4240,-104,160
1773578340.8443692,21.9,28.8,0,-4240,-104,160
1773578340.8654962,21.9,28.8,0,-4220,96,16
1773578340.8861005,21.9,28.8,0,-4220,96,16
1773578340.9067435,21.9,28.8,1,-4200,-264,88
1773578340.9271765,21.9,28.8,1,-4200,-264,88
1773578340.9487433,21.9,28.8,1,-4200,-264,88
1773578340.9773188,21.9,28.8,0,-4156,-168,-24
1773578340.9976778,21.9,28.8,0,-4156,-168,-24
1773578341.0195608,21.9,28.8,1,-4160,-244,8
1773578341.0403335,21.9,28.8,1,-4160,-244,8
1773578341.0613751,21.9,28.8,1,-4160,-244,8
1773578341.082099,21.9,28.8,1,-4100,-80,236
1773578341.1030989,21.9,28.8,1,-4100,-80,236
1773578341.1233127,21.9,28.8,0,-4156,-212,-128
1773578341.1437688,21.9,28.8,0,-4156,-212,-128
1773578341.1642787,21.9,28.8,0,-4156,-212,-128
1773578341.1848116,21.9,28.8,1,-4164,180,88
1773578341.2069237,21.9,28.8,1,-4164,180,88
1773578341.2272978,21.9,28.8,1,-4176,-300,-84
1773578341.2479777,21.9,28.8,1,-4176,-300,-84
1773578341.2687633,21.9,28.8,1,-4176,-300,-84
1773578341.2892547,21.9,28.8,1,-4152,12,-152
1773578341.3096478,21.9,28.8,1,-4152,12,-152
1773578341.3302133,21.9,28.8,1,-4152,12,-152
1773578341.3525624,21.9,28.8,1,-4216,-128,40
1773578341.3731737,21.9,28.8,1,-4216,-128,40
1773578341.3935235,21.9,28.8,0,-4224,-92,116
1773578341.4139516,21.9,28.8,0,-4224,-92,116
1773578341.434697,21.9,28.8,0,-4224,-92,116
1773578341.4558058,21.9,28.8,0,-4156,184,8
1773578341.476358,21.9,28.8,0,-4156,184,8
1773578341.4968054,21.9,28.8,1,-4208,-320,72
1773578341.517044,21.9,28.8,1,-4208,-320,72
1773578341.5373442,21.9,28.8,1,-4208,-320,72
1773578341.5580115,21.9,28.8,0,-4176,-80,16
1773578341.578299,21.9,28.8,0,-4176,-80,16
1773578341.5989041,21.9,28.8,0,-4216,-164,-72
1773578341.619472,21.9,28.8,0,-4216,-164,-72
1773578341.6402888,21.9,28.8,0,-4216,-164,-72
1773578341.6609485,21.9,28.8,0,-4156,-120,72
1773578341.6812959,21.9,28.8,0,-4156,-120,72
1773578341.702077,21.9,28.8,0,-4156,-120,72
1773578341.7224255,21.9,28.8,1,-4156,-132,24
1773578341.7427979,21.9,28.8,1,-4156,-132,24
1773578341.762973,21.9,28.8,0,-4180,-184,-76
1773578341.7836,21.9,28.8,0,-4180,-184,-76
1773578341.804251,21.9,28.8,0,-4180,-184,-76
1773578341.8245654,21.9,28.8,0,-4172,-160,100
1773578341.845082,21.9,28.8,0,-4172,-160,100
1773578341.8656325,21.9,28.8,0,-4160,-220,-96
1773578341.8864038,21.9,28.8,0,-4160,-220,-96
1773578341.906801,21.9,28.8,0,-4160,-220,-96
1773578341.927289,21.9,28.8,1,-4176,-8,-24
1773578341.9479203,21.9,28.8,1,-4176,-8,-24
1773578341.969319,21.9,28.8,1,-4172,-200,156
1773578341.989468,21.9,28.8,1,-4172,-200,156
1773578342.0098212,21.9,28.8,1,-4172,-200,156
1773578342.0304263,21.9,28.8,1,-4152,-204,-140
1773578342.0507712,21.9,28.8,1,-4152,-204,-140
1773578342.0713096,21.9,28.8,1,-4152,-204,-140
1773578342.0917706,21.9,28.8,1,-4132,132,96
1773578342.1125717,21.9,28.8,1,-4132,132,96
1773578342.1338603,21.9,28.8,1,-4132,-240,-16
1773578342.154688,21.9,28.8,1,-4132,-240,-16
1773578342.1753743,21.9,28.8,1,-4132,-240,-16
1773578342.1970365,21.9,28.8,1,-4172,-60,-36
1773578342.2174687,21.9,28.8,1,-4172,-60,-36
1773578342.2377882,21.9,28.8,0,-4224,36,0
1773578342.258255,21.9,28.8,0,-4224,36,0
1773578342.2787592,21.9,28.8,0,-4224,36,0
1773578342.2990842,21.9,28.8,1,-4196,-168,-64
1773578342.320072,21.9,28.8,1,-4196,-168,-64
1773578342.340513,21.9,28.8,1,-4132,36,-104
1773578342.3607621,21.9,28.8,1,-4132,36,-104
1773578342.3811371,21.9,28.8,1,-4132,36,-104
1773578342.4038658,21.9,28.8,0,-4216,-148,-20
1773578342.4245207,21.9,28.8,0,-4216,-148,-20
1773578342.4449458,21.9,28.8,0,-4216,-148,-20
1773578342.4654236,21.9,28.8,1,-4208,-100,16
1773578342.486258,21.9,28.8,1,-4208,-100,16
1773578342.5068305,21.9,28.8,1,-4208,-100,16
1773578342.5274634,21.9,28.8,1,-4188,-160,-52
1773578342.5478344,21.9,28.8,1,-4188,-160,-52
1773578342.5687537,21.9,28.8,1,-4188,-160,-52
1773578342.5889792,21.9,28.8,0,-4168,-112,28
1773578342.6092021,21.9,28.8,0,-4168,-112,28
1773578342.6293092,21.9,28.8,1,-4180,-160,-68
1773578342.6498673,21.9,28.8,1,-4180,-160,-68
1773578342.6705883,21.9,28.8,1,-4180,-160,-68
1773578342.690809,21.9,28.8,1,-4204,-128,8
1773578342.7113204,21.9,28.8,1,-4204,-128,8
1773578342.7318907,21.9,28.8,1,-4204,-128,8
1773578342.7524276,21.9,28.8,0,-4168,-172,-4
1773578342.7729757,21.9,28.8,0,-4168,-172,-4
1773578342.7935412,21.9,28.8,1,-4176,-168,-88
1773578342.8140419,21.9,28.8,1,-4176,-168,-88
1773578342.8381202,21.9,28.8,1,-4176,-168,-88
1773578342.8765342,21.9,28.8,1,-4148,-120,-24
1773578342.9056978,21.9,28.8,1,-4172,-196,24
1773578342.948655,21.9,28.8,0,-4180,-152,-104
1773578342.9688113,21.9,28.8,0,-4180,-152,-104
1773578342.9914205,21.9,28.8,0,-4180,-152,-104
1773578343.0130827,21.9,28.8,1,-4152,-88,-20
1773578343.0332747,21.9,28.8,1,-4152,-88,-20
1773578343.0535119,21.9,28.8,1,-4152,-88,-20
1773578343.0737538,21.9,28.8,0,-4204,-200,-24
1773578343.094225,21.9,28.8,0,-4204,-200,-24
1773578343.114998,21.9,28.8,0,-4180,-148,-80
1773578343.135462,21.9,28.8,0,-4180,-148,-80
1773578343.1558673,21.9,28.8,0,-4180,-148,-80
1773578343.1763985,21.9,28.8,1,-4164,-76,-36
1773578343.1966255,21.9,28.8,1,-4164,-76,-36
1773578343.2171855,21.9,28.8,1,-4156,-200,-16
1773578343.2379787,21.9,28.8,1,-4156,-200,-16
1773578343.2588289,21.9,28.8,1,-4156,-200,-16
1773578343.2796986,21.9,28.8,0,-4156,-160,-56
1773578343.2999215,21.9,28.8,0,-4156,-160,-56
1773578343.3204038,21.9,28.8,0,-4156,-160,-56
1773578343.3407338,21.9,28.8,1,-4184,-124,-24
1773578343.3613417,21.9,28.8,1,-4184,-124,-24
1773578343.3825321,21.9,28.8,0,-4140,-140,24
1773578343.4027717,21.9,28.8,0,-4140,-140,24
1773578343.4233577,21.9,28.8,0,-4140,-140,24
1773578343.444061,21.9,28.8,0,-4168,-184,-40
1773578343.4645147,21.9,28.8,0,-4168,-184,-40
1773578343.4854174,21.9,28.8,1,-4204,-148,-8
1773578343.5057561,21.9,28.8,1,-4204,-148,-8
1773578343.5276136,21.9,28.8,1,-4204,-148,-8
1773578343.5482085,21.9,28.8,1,-4168,-112,128
1773578343.5691543,21.9,28.8,1,-4168,-112,128
1773578343.5895705,21.9,28.8,0,-4200,-92,8
1773578343.6101065,21.9,28.8,0,-4200,-92,8
1773578343.6303594,21.9,28.8,0,-4200,-92,8
1773578343.6508996,21.9,28.8,0,-4212,-112,-52
1773578343.6713998,21.9,28.8,0,-4212,-112,-52
1773578343.691793,21.9,28.8,1,-4184,-156,44
1773578343.7123551,21.9,28.8,1,-4184,-156,44
1773578343.733094,21.9,28.8,1,-4184,-156,44
1773578343.753724,21.9,28.8,1,-4204,-80,32
1773578343.7741408,21.9,28.8,1,-4204,-80,32
1773578343.7947981,21.9,28.8,1,-4204,-80,32
1773578343.815211,21.9,28.8,0,-4192,-16,-80
1773578343.8378508,21.9,28.8,0,-4192,-16,-80
1773578343.858115,21.9,28.8,1,-4200,-152,96
1773578343.8790164,21.9,28.8,1,-4200,-152,96
1773578343.8996148,21.9,28.8,1,-4200,-152,96
1773578343.9229438,21.9,28.8,0,-4220,-112,96
1773578343.943515,21.9,28.8,0,-4220,-112,96
1773578343.9645789,21.9,28.8,0,-4156,76,-84
1773578343.986144,21.9,28.8,0,-4156,76,-84
1773578344.006583,21.9,28.8,0,-4156,76,-84
1773578344.0275235,21.9,28.8,1,-4192,-204,-8
1773578344.0482755,21.9,28.8,1,-4192,-204,-8
1773578344.0690558,21.9,28.8,1,-4208,-108,88
1773578344.0897593,21.9,28.8,1,-4208,-108,88
1773578344.1121242,21.9,28.8,1,-4208,-108,88
1773578344.132782,21.9,28.8,0,-4148,-24,-8
1773578344.1535068,21.9,28.8,0,-4148,-24,-8
1773578344.1740904,21.9,28.8,1,-4184,-124,-60
1773578344.1947162,21.9,28.8,1,-4184,-124,-60
1773578344.215141,21.9,28.8,1,-4184,-124,-60
1773578344.2360885,21.9,28.8,0,-4188,-184,56
1773578344.2566059,21.9,28.8,0,-4188,-184,56
1773578344.2768967,21.9,28.8,0,-4156,-148,-88
1773578344.2971525,21.9,28.8,0,-4156,-148,-88
1773578344.3177385,21.9,28.8,0,-4156,-148,-88
1773578344.3381846,21.9,28.8,1,-4196,12,-4
1773578344.3585272,21.9,28.8,1,-4196,12,-4
1773578344.3791196,21.9,28.8,1,-4196,12,-4
1773578344.4006028,21.9,28.8,1,-4180,-200,36
1773578344.4218206,21.9,28.8,1,-4180,-200,36
1773578344.4425848,21.9,28.8,0,-4176,-136,-8
1773578344.4632494,21.9,28.8,0,-4176,-136,-8
1773578344.4840717,21.9,28.8,0,-4176,-136,-8
1773578344.5044985,21.9,28.8,1,-4176,-108,16
1773578344.5249445,21.9,28.8,1,-4176,-108,16
1773578344.5459003,21.9,28.8,1,-4176,-108,16
1773578344.5675642,21.9,28.8,1,-4184,-88,52
1773578344.5883873,21.9,28.8,1,-4184,-88,52
1773578344.6091034,21.9,28.8,1,-4184,-88,52
1773578344.6298866,21.9,28.8,0,-4192,-132,-96
1773578344.6513953,21.9,28.8,0,-4192,-132,-96
1773578344.6716619,21.9,28.8,1,-4188,-20,-8
1773578344.692498,21.9,28.8,1,-4188,-20,-8
1773578344.7131183,21.9,28.8,1,-4188,-20,-8
1773578344.7335095,21.9,28.8,0,-4176,-180,24
1773578344.754275,21.9,28.8,0,-4176,-180,24
1773578344.774965,21.9,28.8,0,-4176,-180,24
1773578344.795514,21.9,28.8,0,-4168,-124,-48
1773578344.8167977,21.9,28.8,0,-4168,-124,-48
1773578344.837485,21.9,28.8,1,-4172,-148,4
1773578344.8582664,21.9,28.8,1,-4172,-148,4
1773578344.8791535,21.9,28.8,1,-4172,-148,4
1773578344.900364,21.9,28.8,1,-4180,-188,36
1773578344.9213057,21.9,28.8,1,-4180,-188,36
1773578344.9419405,21.9,28.8,1,-4196,-72,64
1773578344.963421,21.9,28.8,1,-4196,-72,64
1773578344.9841702,21.9,28.8,1,-4196,-72,64
1773578345.0049238,21.9,28.8,1,-4176,16,-12
1773578345.0264227,21.9,28.8,1,-4176,16,-12
1773578345.0473237,21.9,28.8,1,-4208,-160,40
1773578345.0714304,21.9,28.8,1,-4208,-160,40
1773578345.0923264,21.9,28.8,1,-4208,-160,40
1773578345.1130877,21.9,28.8,1,-4212,-152,12
1773578345.1336763,21.9,28.8,1,-4212,-152,12
1773578345.1548753,21.9,28.8,1,-4152,-60,-40
1773578345.175371,21.9,28.8,1,-4152,-60,-40
1773578345.1956363,21.9,28.8,1,-4152,-60,-40
1773578345.2164392,21.9,28.8,0,-4168,-52,44
1773578345.2378747,21.9,28.8,0,-4168,-52,44
1773578345.259079,21.9,28.8,1,-4176,-156,80
1773578345.2798517,21.9,28.8,1,-4176,-156,80
1773578345.3006244,21.9,28.8,1,-4176,-156,80
1773578345.3211443,21.9,28.8,0,-4184,-104,-100
1773578345.3418257,21.9,28.8,0,-4184,-104,-100
1773578345.362261,21.9,28.8,1,-4196,-88,16
1773578345.3827868,21.9,28.8,1,-4196,-88,16
1773578345.4032607,21.9,28.8,1,-4196,-88,16
1773578345.42383,21.9,28.8,1,-4164,-204,32
1773578345.4450252,21.9,28.8,1,-4164,-204,32
1773578345.4861166,21.9,28.8,1,-4164,-204,32
1773578345.5088766,21.9,28.8,1,-4156,-88,36
1773578345.5366726,21.9,28.8,1,-4136,32,-48
1773578345.5570874,21.9,28.8,1,-4136,32,-48
1773578345.5778632,21.9,28.8,1,-4188,-172,-4
1773578345.598838,21.9,28.8,1,-4188,-172,-4
1773578345.620016,21.9,28.8,1,-4188,-172,-4
1773578345.6409256,21.9,28.8,0,-4156,-72,20
1773578345.661339,21.9,28.8,0,-4156,-72,20
1773578345.682424,21.9,28.8,0,-4160,-152,-56
1773578345.7045417,21.9,28.8,0,-4160,-152,-56
1773578345.72506,21.9,28.8,0,-4160,-152,-56
1773578345.7458444,21.9,28.8,1,-4124,-56,-36
1773578345.766596,21.9,28.8,1,-4124,-56,-36
1773578345.7872827,21.9,28.8,1,-4136,-156,56
1773578345.8077674,21.9,28.8,1,-4136,-156,56
1773578345.828149,21.9,28.8,1,-4136,-156,56
1773578345.8490803,21.9,28.8,0,-4168,-28,96
1773578345.86997,21.9,28.8,0,-4168,-28,96
1773578345.8906474,21.9,28.8,0,-4168,-28,96
1773578345.911308,21.9,28.8,0,-4140,-116,-92
1773578345.9323788,21.9,28.8,0,-4140,-116,-92
1773578345.9534738,21.9,28.8,1,-4180,-92,56
1773578345.9741669,21.9,28.8,1,-4180,-92,56
1773578345.994846,21.9,28.8,1,-4180,-92,56
1773578346.0172575,21.9,28.8,0,-4156,-68,16
1773578346.0380516,21.9,28.8,0,-4156,-68,16
1773578346.0588856,21.9,28.8,0,-4184,-152,-36
1773578346.0796506,21.9,28.8,0,-4184,-152,-36
1773578346.100405,21.9,28.8,0,-4184,-152,-36
1773578346.1210284,21.9,28.8,1,-4172,-128,-48
1773578346.141823,21.9,28.8,1,-4172,-128,-48
1773578346.162664,21.9,28.8,0,-4168,-140,-24
1773578346.183755,21.9,28.8,0,-4168,-140,-24
1773578346.2045276,21.9,28.8,0,-4168,-140,-24
1773578346.2252975,21.9,28.8,1,-4148,36,56
1773578346.2462604,21.9,28.8,1,-4148,36,56
1773578346.2681193,21.9,28.8,1,-4192,-160,-32
1773578346.2895002,21.9,28.8,1,-4192,-160,-32
1773578346.3100781,21.9,28.8,1,-4192,-160,-32
1773578346.3321903,21.9,28.8,1,-4196,-104,60
1773578346.3530514,21.9,28.8,1,-4196,-104,60
1773578346.3739204,21.9,28.8,0,-4128,-40,-20
1773578346.3953075,21.9,28.8,0,-4128,-40,-20
1773578346.4160872,21.9,28.8,0,-4128,-40,-20
1773578346.4365788,21.9,28.8,1,-4192,-152,24
1773578346.4573908,21.9,28.8,1,-4192,-152,24
1773578346.4778378,21.9,28.8,1,-4144,-104,-4
1773578346.498216,21.9,28.8,1,-4144,-104,-4
1773578346.5196495,21.9,28.8,1,-4144,-104,-4
1773578346.5400717,21.9,28.8,0,-4164,-164,-12
1773578346.5605865,21.9,28.8,0,-4164,-164,-12
1773578346.581128,21.9,28.8,0,-4164,-164,-12
1773578346.6020184,21.9,28.8,0,-4164,-164,-12
1773578346.6227295,21.9,28.8,0,-4192,-204,16
1773578346.6435325,21.9,28.8,0,-4192,-204,16
1773578346.6641483,21.9,28.8,0,-4184,-52,-36
1773578346.684662,21.9,28.8,0,-4184,-52,-36
1773578346.7050393,21.9,28.8,0,-4184,-52,-36
1773578346.7258232,21.9,28.8,1,-4180,-160,64
1773578346.7469225,21.9,28.8,1,-4180,-160,64
1773578346.767309,21.9,28.8,0,-4228,-148,64
1773578346.7878444,21.9,28.8,0,-4228,-148,64
1773578346.8092988,21.9,28.8,0,-4228,-148,64
1773578346.8303475,21.9,28.8,1,-4164,24,-72
1773578346.852501,21.9,28.8,1,-4164,24,-72
1773578346.8731055,21.9,28.8,1,-4136,-40,-24
1773578346.8935497,21.9,28.8,1,-4136,-40,-24
1773578346.9146373,21.9,28.8,1,-4136,-40,-24
1773578346.9367516,21.9,28.8,1,-4176,-172,72
1773578346.9572768,21.9,28.8,1,-4176,-172,72
1773578346.977655,21.9,28.8,1,-4164,-88,-76
1773578346.9985,21.9,28.8,1,-4164,-88,-76
1773578347.0191069,21.9,28.8,1,-4164,-88,-76
1773578347.0399382,21.9,28.8,1,-4180,-104,-20
1773578347.0611668,21.9,28.8,1,-4180,-104,-20
1773578347.0816965,21.9,28.8,1,-4180,-104,-20
1773578347.1026146,21.9,28.8,1,-4184,-140,36
1773578347.1233847,21.9,28.8,1,-4184,-140,36
1773578347.1442337,21.9,28.8,0,-4168,-84,-12
1773578347.1648605,21.9,28.8,0,-4168,-84,-12
1773578347.1856585,21.9,28.8,0,-4168,-84,-12
1773578347.2062364,21.9,28.8,1,-4180,-168,-40
1773578347.2275271,21.9,28.8,1,-4180,-168,-40
1773578347.248082,21.9,28.8,1,-4172,-120,-12
1773578347.269386,21.9,28.8,1,-4172,-120,-12
1773578347.2901354,21.9,28.8,1,-4172,-120,-12
1773578347.310625,21.9,28.8,1,-4152,-140,76
1773578347.3310869,21.9,28.8,1,-4152,-140,76
1773578347.3520904,21.9,28.8,1,-4152,-108,28
1773578347.372711,21.9,28.8,1,-4152,-108,28
1773578347.3935268,21.9,28.8,1,-4152,-108,28
1773578347.4143705,21.9,28.8,1,-4156,12,-76
1773578347.4378333,21.9,28.8,1,-4156,12,-76
1773578347.4584274,21.9,28.8,0,-4168,-56,80
1773578347.4801645,21.9,28.8,0,-4168,-56,80
1773578347.5029817,21.9,28.8,0,-4168,-56,80
1773578347.523706,21.9,28.8,0,-4176,-172,0
1773578347.5445287,21.9,28.8,0,-4176,-172,0
1773578347.5653725,21.9,28.8,1,-4192,-44,8
1773578347.5868874,21.9,28.8,1,-4192,-44,8
1773578347.607792,21.9,28.8,1,-4192,-44,8
1773578347.6284215,21.9,28.8,1,-4144,-112,-44
1773578347.6499617,21.9,28.8,1,-4144,-112,-44
1773578347.6704946,21.9,28.8,1,-4208,-148,-36
1773578347.6908197,21.9,28.8,1,-4208,-148,-36
1773578347.7114139,21.9,28.8,1,-4208,-148,-36
1773578347.731714,21.9,28.8,0,-4192,-88,56
1773578347.7518926,21.9,28.8,0,-4192,-88,56
1773578347.7725441,21.9,28.8,0,-4172,-108,-4
1773578347.793213,21.9,28.8,0,-4172,-108,-4
1773578347.813542,21.9,28.8,0,-4172,-108,-4
1773578347.8338532,21.9,28.8,0,-4180,-120,0
1773578347.8544188,21.9,28.8,0,-4180,-120,0
1773578347.8750038,21.9,28.8,0,-4180,-120,0
1773578347.895532,21.9,28.8,1,-4184,-144,56
1773578347.9163222,21.9,28.8,1,-4184,-144,56
1773578347.936893,21.9,28.8,0,-4172,-76,56
1773578347.9576807,21.9,28.8,0,-4172,-76,56
1773578347.9787667,21.9,28.8,0,-4172,-76,56
1773578347.9993272,21.9,28.8,1,-4192,-160,4
1773578348.0202293,21.9,28.8,1,-4192,-160,4
1773578348.0406184,21.9,28.8,1,-4176,-60,-4
1773578348.0614736,21.9,28.8,1,-4176,-60,-4
1773578348.082535,21.9,28.8,1,-4176,-60,-4
1773578348.1033614,21.9,28.8,0,-4200,-192,0
1773578348.124008,21.9,28.8,0,-4200,-192,0
1773578348.1444843,21.9,28.8,0,-4152,-108,32
1773578348.1660705,21.9,28.8,0,-4152,-108,32
1773578348.186735,21.9,28.8,0,-4152,-108,32
1773578348.2074492,21.9,28.8,1,-4172,-148,-24
1773578348.2283306,21.9,28.8,1,-4172,-148,-24
1773578348.2490122,21.9,28.8,1,-4208,-80,-12
1773578348.2704732,21.9,28.8,1,-4208,-80,-12
1773578348.2914004,21.9,28.8,1,-4208,-80,-12
1773578348.3124099,21.9,28.8,1,-4172,-152,4
1773578348.3335516,21.9,28.8,1,-4172,-152,4
1773578348.3542154,21.9,28.8,1,-4172,-152,4
1773578348.374869,21.9,28.8,1,-4212,-80,80
1773578348.3958445,21.9,28.8,1,-4212,-80,80
1773578348.4174786,21.9,28.8,0,-4192,-108,-12
1773578348.438247,21.9,28.8,0,-4192,-108,-12
1773578348.4585805,21.9,28.8,0,-4192,-108,-12
1773578348.4792705,21.9,28.8,1,-4180,-72,-12
1773578348.499638,21.9,28.8,1,-4180,-72,-12
1773578348.5198812,21.9,28.8,1,-4156,-148,68
1773578348.5403297,21.9,28.8,1,-4156,-148,68
1773578348.5609999,21.9,28.8,1,-4156,-148,68
1773578348.5815377,21.9,28.8,1,-4116,-56,4
1773578348.6026523,21.9,28.8,1,-4116,-56,4
1773578348.6233807,21.9,28.8,1,-4116,-56,4
1773578348.644123,21.9,28.8,1,-4116,-56,4
1773578348.6644819,21.9,28.8,0,-4176,-140,-36
1773578348.685216,21.9,28.8,0,-4176,-140,-36
1773578348.7055016,21.9,28.8,0,-4184,-140,-64
1773578348.7260811,21.9,28.8,0,-4184,-140,-64
1773578348.7464879,21.9,28.8,0,-4184,-140,-64
1773578348.7670746,21.9,28.8,0,-4164,-120,52
1773578348.7876685,21.9,28.8,0,-4164,-120,52
1773578348.8084116,21.9,28.8,1,-4124,-40,16
1773578348.8293118,21.9,28.8,1,-4124,-40,16
1773578348.8498194,21.9,28.8,1,-4124,-40,16
1773578348.8700755,21.9,28.8,0,-4144,-136,-40
1773578348.8903785,21.9,28.8,0,-4144,-136,-40
1773578348.910605,21.9,28.8,0,-4208,-104,-44
1773578348.9312136,21.9,28.8,0,-4208,-104,-44
1773578348.9520125,21.9,28.8,0,-4208,-104,-44
1773578348.9725137,21.9,28.8,0,-4180,-152,36
1773578348.9930322,21.9,28.8,0,-4180,-152,36
1773578349.013423,21.9,28.8,0,-4180,-152,36
1773578349.034181,21.9,28.8,1,-4156,-52,4
1773578349.0546997,21.9,28.8,1,-4156,-52,4
1773578349.0754223,21.9,28.8,1,-4168,-84,-64
1773578349.0958958,21.9,28.8,1,-4168,-84,-64
1773578349.116485,21.9,28.8,1,-4168,-84,-64
1773578349.1366765,21.9,28.8,1,-4136,-12,0
1773578349.1570396,21.9,28.8,1,-4136,-12,0
1773578349.1779132,21.9,28.8,1,-4168,-164,56
1773578349.1990664,21.9,28.8,1,-4168,-164,56
1773578349.2197378,21.9,28.8,1,-4168,-164,56
1773578349.2404618,21.9,28.8,1,-4208,-72,0
1773578349.2611115,21.9,28.8,1,-4208,-72,0
1773578349.281679,21.9,28.8,0,-4156,-56,-8
1773578349.3021214,21.9,28.8,0,-4156,-56,-8
1773578349.3226962,21.9,28.8,0,-4156,-56,-8
1773578349.3430378,21.9,28.8,1,-4180,-132,-48
1773578349.3633409,21.9,28.8,1,-4180,-132,-48
1773578349.3839023,21.9,28.8,1,-4180,-132,-48
1773578349.4059122,21.9,28.8,1,-4152,-164,-4
1773578349.4262896,21.9,28.8,1,-4152,-164,-4
1773578349.446979,21.9,28.8,1,-4176,-36,40
1773578349.467689,21.9,28.8,1,-4176,-36,40
1773578349.48801,21.9,28.8,1,-4176,-36,40
1773578349.5085044,21.9,28.8,1,-4156,-60,-8
1773578349.5292604,21.9,28.8,1,-4156,-60,-8
1773578349.5495489,21.9,28.8,1,-4172,-132,-12
1773578349.5703,21.9,28.8,1,-4172,-132,-12
1773578349.5908153,21.9,28.8,1,-4172,-132,-12
1773578349.6111262,21.9,28.8,1,-4160,-104,52
1773578349.631908,21.9,28.8,1,-4160,-104,52
1773578349.65218,21.9,28.8,1,-4160,-104,52
1773578349.6729546,21.9,28.8,1,-4172,-84,-8
1773578349.6935577,21.9,28.8,1,-4172,-84,-8
1773578349.7140548,21.9,28.8,0,-4172,-136,-12
1773578349.7346613,21.9,28.8,0,-4172,-136,-12
1773578349.7557373,21.9,28.8,0,-4172,-136,-12
1773578349.7763312,21.9,28.8,1,-4180,-68,-8
1773578349.7966845,21.9,28.8,1,-4180,-68,-8
1773578349.8171537,21.9,28.8,1,-4176,-124,0
1773578349.8376694,21.9,28.8,1,-4176,-124,0
1773578349.858261,21.9,28.8,1,-4176,-124,0
1773578349.8786993,21.9,28.8,0,-4200,-80,56
1773578349.8991416,21.9,28.8,0,-4200,-80,56
1773578349.9195235,21.9,28.8,0,-4168,-96,0
1773578349.9400659,21.9,28.8,0,-4168,-96,0
1773578349.960844,21.9,28.8,0,-4168,-96,0
1773578349.981149,21.9,28.8,1,-4136,-92,-4
1773578350.0018358,21.9,28.8,1,-4136,-92,-4
1773578350.022517,21.9,28.8,1,-4136,-92,-4
1773578350.042951,21.9,28.8,0,-4188,-64,-56
1773578350.0634363,21.9,28.8,0,-4188,-64,-56
1773578350.084232,21.9,28.8,1,-4180,-164,32
1773578350.1045268,21.9,28.8,1,-4180,-164,32
1773578350.1247883,21.9,28.8,1,-4180,-164,32
1773578350.1452916,21.9,28.8,1,-4184,-56,-24
1773578350.1659057,21.9,28.8,1,-4184,-56,-24
1773578350.186701,21.9,28.8,1,-4184,-92,-60
1773578350.2072911,21.9,28.8,1,-4184,-92,-60
1773578350.2276754,21.9,28.8,1,-4184,-92,-60
1773578350.248111,21.9,28.8,1,-4180,-136,-44
1773578350.2685893,21.9,28.8,1,-4180,-136,-44
1773578350.2894397,21.9,28.8,1,-4180,-136,-44
1773578350.3097968,21.9,28.8,1,-4172,-72,60
1773578350.3302586,21.9,28.8,1,-4172,-72,60
1773578350.3510497,21.9,28.8,1,-4120,-68,-36
1773578350.3712537,21.9,28.8,1,-4120,-68,-36
1773578350.3916163,21.9,28.8,1,-4120,-68,-36
1773578350.4122083,21.9,28.8,1,-4216,-120,24
1773578350.4325645,21.9,28.8,1,-4216,-120,24
1773578350.4531777,21.9,28.8,1,-4180,-104,12
1773578350.4734733,21.9,28.8,1,-4180,-104,12
1773578350.4942176,21.9,28.8,1,-4180,-104,12
1773578350.5147815,21.9,28.8,1,-4188,-140,0
1773578350.5352907,21.9,28.8,1,-4188,-140,0
1773578350.5558271,21.9,28.8,0,-4148,-80,48
1773578350.5765445,21.9,28.8,0,-4148,-80,48
1773578350.5970833,21.9,28.8,0,-4148,-80,48
1773578350.617371,21.9,28.8,1,-4172,-76,28
1773578350.6379945,21.9,28.8,1,-4172,-76,28
1773578350.6585827,21.9,28.8,1,-4172,-76,28
1773578350.6790447,21.9,28.8,1,-4172,-76,28
1773578350.6992426,21.9,28.8,1,-4172,-68,-4
1773578350.719979,21.9,28.8,1,-4172,-68,-4
1773578350.74057,21.9,28.8,0,-4204,-116,-52
1773578350.7614748,21.9,28.8,0,-4204,-116,-52
1773578350.7821844,21.9,28.8,0,-4204,-116,-52
1773578350.802512,21.9,28.8,0,-4168,-108,-4
1773578350.8232162,21.9,28.8,0,-4168,-108,-4
1773578350.8435397,21.9,28.8,0,-4168,-108,-4
1773578350.864053,21.9,28.8,1,-4176,-64,16
1773578350.8845444,21.9,28.8,1,-4176,-64,16
1773578350.9053693,21.9,28.8,1,-4168,-108,8
1773578350.9261937,21.9,28.8,1,-4168,-108,8
1773578350.9464443,21.9,28.8,1,-4168,-108,8
1773578350.9669223,21.9,28.8,1,-4168,-96,-8
1773578350.987632,21.9,28.8,1,-4168,-96,-8
1773578351.008249,21.9,28.8,1,-4180,-128,-20
1773578351.0290668,21.9,28.8,1,-4180,-128,-20
1773578351.049581,21.9,28.8,1,-4180,-128,-20
1773578351.0702026,21.9,28.8,0,-4164,-80,16
1773578351.090542,21.9,28.8,0,-4164,-80,16
1773578351.1110547,21.9,28.8,1,-4196,-128,-20
1773578351.1318505,21.9,28.8,1,-4196,-128,-20
1773578351.152117,21.9,28.8,1,-4196,-128,-20
1773578351.1729417,21.9,28.8,1,-4176,-88,0
1773578351.1937947,21.9,28.8,1,-4176,-88,0
1773578351.214111,21.9,28.8,1,-4176,-88,0
1773578351.2362034,21.9,28.8,1,-4140,-144,-16
1773578351.256841,21.9,28.8,1,-4140,-144,-16
1773578351.277213,21.9,28.8,1,-4180,-136,16
1773578351.2977192,21.9,28.8,1,-4180,-136,16
1773578351.3187516,21.9,28.8,1,-4180,-136,16
1773578351.3393228,21.9,28.8,0,-4172,-108,28
1773578351.3596582,21.9,28.8,0,-4172,-108,28
1773578351.3802402,21.9,28.8,1,-4152,-128,-20
1773578351.4009168,21.9,28.8,1,-4152,-128,-20
1773578351.421792,21.9,28.8,1,-4152,-128,-20
1773578351.442501,21.9,28.8,1,-4176,-104,28
1773578351.4632711,21.9,28.8,1,-4176,-104,28
1773578351.4840844,21.9,28.8,1,-4180,-136,-12
1773578351.5047657,21.9,28.8,1,-4180,-136,-12
1773578351.5252252,21.9,28.8,1,-4180,-136,-12
1773578351.5455298,21.9,28.8,0,-4236,-64,92
1773578351.5658946,21.9,28.8,0,-4236,-64,92
1773578351.5864165,21.9,28.8,0,-4236,-64,92
1773578351.6068962,21.9,28.8,1,-4140,-116,-32
1773578351.627621,21.9,28.8,1,-4140,-116,-32
1773578351.6479475,21.9,28.8,1,-4148,-108,-48
1773578351.6684983,21.9,28.8,1,-4148,-108,-48
1773578351.6891274,21.9,28.8,1,-4148,-108,-48
1773578351.7100272,21.9,28.8,1,-4204,-120,-20
1773578351.73036,21.9,28.8,1,-4204,-120,-20
1773578351.7514083,21.9,28.8,0,-4192,-128,48
1773578351.773759,21.9,28.8,0,-4192,-128,48
1773578351.7940626,21.9,28.8,0,-4192,-128,48
1773578351.8147225,21.9,28.8,1,-4124,-152,-64
1773578351.8362484,21.9,28.8,1,-4124,-152,-64
1773578351.8567164,21.9,28.8,1,-4148,-124,-28
1773578351.8772962,21.9,28.8,1,-4148,-124,-28
1773578351.8979402,21.9,28.8,1,-4148,-124,-28
1773578351.9186158,21.9,28.8,0,-4184,-116,56
1773578351.9388478,21.9,28.8,0,-4184,-116,56
1773578351.9596791,21.9,28.8,1,-4200,-136,-32
1773578351.9799268,21.9,28.8,1,-4200,-136,-32
1773578352.0000916,21.9,28.8,1,-4200,-136,-32
1773578352.020872,21.9,28.8,1,-4152,-144,-44
1773578352.0414903,21.9,28.8,1,-4152,-144,-44
1773578352.0618463,21.9,28.8,1,-4152,-144,-44
1773578352.082188,21.9,28.8,0,-4212,-76,76
1773578352.1031656,21.9,28.8,0,-4212,-76,76
1773578352.1238058,21.9,28.8,0,-4188,-124,24
1773578352.144498,21.9,28.8,0,-4188,-124,24
1773578352.1651888,21.9,28.8,0,-4188,-124,24
1773578352.1855464,21.9,28.8,1,-4112,-148,-88
1773578352.2061315,21.9,28.8,1,-4112,-148,-88
1773578352.2267008,21.9,28.8,1,-4192,-72,36
1773578352.2472825,21.9,28.8,1,-4192,-72,36
1773578352.2681162,21.9,28.8,1,-4192,-72,36
1773578352.2884364,21.9,28.8,0,-4196,-136,92
1773578352.3089886,21.9,28.8,0,-4196,-136,92
1773578352.329332,21.9,28.8,0,-4196,-136,92
1773578352.3500736,21.9,28.8,1,-4152,-124,-68
1773578352.3705962,21.9,28.8,1,-4152,-124,-68
1773578352.3913383,21.9,28.8,1,-4156,-76,4
1773578352.4118721,21.9,28.8,1,-4156,-76,4
1773578352.4325898,21.9,28.8,1,-4156,-76,4
1773578352.4532886,21.9,28.8,0,-4208,-108,80
1773578352.4737828,21.9,28.8,0,-4208,-108,80
1773578352.4942029,21.9,28.8,1,-4168,-144,-32
1773578352.5145698,21.9,28.8,1,-4168,-144,-32
1773578352.535581,21.9,28.8,1,-4168,-144,-32
1773578352.5557754,21.9,28.8,0,-4172,-112,-24
1773578352.576347,21.9,28.8,0,-4172,-112,-24
1773578352.5969398,21.9,28.8,0,-4204,-84,84
1773578352.617507,21.9,28.8,0,-4204,-84,84
1773578352.6379807,21.9,28.8,0,-4204,-84,84
1773578352.658707,21.9,28.8,0,-4188,-108,48
1773578352.6794949,21.9,28.8,0,-4188,-108,48
1773578352.7000582,21.9,28.8,0,-4188,-108,48
1773578352.7204592,21.9,28.8,0,-4188,-108,48
1773578352.7408376,21.9,28.8,0,-4200,-56,72
1773578352.7609985,21.9,28.8,0,-4200,-56,72
1773578352.7813158,21.9,28.8,1,-4164,-108,-32
1773578352.8023186,21.9,28.8,1,-4164,-108,-32
1773578352.8226647,21.9,28.8,1,-4164,-108,-32
1773578352.8430629,21.9,28.8,1,-4164,-164,-68
1773578352.863377,21.9,28.8,1,-4164,-164,-68
1773578352.8838615,21.9,28.8,1,-4164,-164,-68
1773578352.90425,21.9,28.8,0,-4212,-84,64
1773578352.9250798,21.9,28.8,0,-4212,-84,64
1773578352.945388,21.9,28.8,0,-4184,-124,-20
1773578352.9660156,21.9,28.8,0,-4184,-124,-20
1773578352.9867373,21.9,28.8,0,-4184,-124,-20
1773578353.0074484,21.9,28.8,1,-4112,-132,-80
1773578353.0279615,21.9,28.8,1,-4112,-132,-80
1773578353.0485046,21.9,28.8,1,-4196,-156,12
1773578353.0689883,21.9,28.8,1,-4196,-156,12
1773578353.0893383,21.9,28.8,1,-4196,-156,12
1773578353.1100113,21.9,28.8,0,-4208,-100,52
1773578353.1305652,21.9,28.8,0,-4208,-100,52
1773578353.1509917,21.9,28.8,1,-4132,-104,-64
1773578353.1715264,21.9,28.8,1,-4132,-104,-64
1773578353.1924005,21.9,28.8,1,-4132,-104,-64
1773578353.2136452,21.9,28.8,1,-4156,-120,-8
1773578353.2341363,21.9,28.8,1,-4156,-120,-8
1773578353.2546499,21.9,28.8,1,-4156,-120,-8
1773578353.2749982,21.9,28.8,0,-4192,-96,44
1773578353.2955248,21.9,28.8,0,-4192,-96,44
1773578353.3158047,21.9,28.8,1,-4132,-92,-24
1773578353.3369908,21.9,28.8,1,-4132,-92,-24
1773578353.3576992,21.9,28.8,1,-4132,-92,-24
1773578353.3780797,21.9,28.8,1,-4176,-172,-68
1773578353.3988829,21.9,28.8,1,-4176,-172,-68
1773578353.4197176,21.9,28.8,1,-4204,-104,64
1773578353.4402008,21.9,28.8,1,-4204,-104,64
1773578353.4605756,21.9,28.8,1,-4204,-104,64
1773578353.4811282,21.9,28.8,0,-4156,-124,40
1773578353.5021415,21.9,28.8,0,-4156,-124,40
1773578353.5234222,21.9,28.8,1,-4116,-140,-68
1773578353.5437746,21.9,28.8,1,-4116,-140,-68
1773578353.5644517,21.9,28.8,1,-4116,-140,-68
1773578353.5857477,21.9,28.8,0,-4220,-80,36
1773578353.6075263,21.9,28.8,0,-4220,-80,36
1773578353.6279893,21.9,28.8,1,-4192,-60,72
1773578353.6484187,21.9,28.8,1,-4192,-60,72
1773578353.668885,21.9,28.8,1,-4192,-60,72
1773578353.6894045,21.9,28.8,1,-4156,-160,-40
1773578353.7099462,21.9,28.8,1,-4156,-160,-40
1773578353.7304237,21.9,28.8,1,-4156,-160,-40
1773578353.7509706,21.9,28.8,0,-4184,-116,8
1773578353.7716155,21.9,28.8,0,-4184,-116,8
1773578353.7922916,21.9,28.8,1,-4200,-72,124
1773578353.8129823,21.9,28.8,1,-4200,-72,124
1773578353.833704,21.9,28.8,1,-4200,-72,124
1773578353.8545084,21.9,28.8,0,-4164,-100,-20
1773578353.8751826,21.9,28.8,0,-4164,-100,-20
1773578353.89589,21.9,28.8,1,-4168,-92,-28
1773578353.9164677,21.9,28.8,1,-4168,-92,-28
1773578353.937186,21.9,28.8,1,-4168,-92,-28
1773578353.9577029,21.9,28.8,0,-4204,-112,44
1773578353.9781535,21.9,28.8,0,-4204,-112,44
1773578353.998893,21.9,28.8,0,-4144,-132,48
1773578354.0196545,21.9,28.8,0,-4144,-132,48
1773578354.0402424,21.9,28.8,0,-4144,-132,48
1773578354.06078,21.9,28.8,1,-4104,-120,-88
1773578354.0812702,21.9,28.8,1,-4104,-120,-88
1773578354.1018667,21.9,28.8,1,-4104,-120,-88
1773578354.1221266,21.9,28.8,0,-4176,-104,-12
1773578354.1429987,21.9,28.8,0,-4176,-104,-12
1773578354.1637278,21.9,28.8,0,-4180,-100,64
1773578354.1843877,21.9,28.8,0,-4180,-100,64
1773578354.2051911,21.9,28.8,0,-4180,-100,64
1773578354.2255208,21.9,28.8,1,-4140,-160,-88
1773578354.2463782,21.9,28.8,1,-4140,-160,-88
1773578354.2670383,21.9,28.8,1,-4168,-104,8
1773578354.2873857,21.9,28.8,1,-4168,-104,8
1773578354.3082027,21.9,28.8,1,-4168,-104,8
1773578354.3289077,21.9,28.8,0,-4208,-80,100
1773578354.3493533,21.9,28.8,0,-4208,-80,100
1773578354.3700235,21.9,28.8,0,-4208,-80,100
1773578354.3904035,21.9,28.8,1,-4156,-88,-52
1773578354.4112413,21.9,28.8,1,-4156,-88,-52
1773578354.431919,21.9,28.8,1,-4152,-136,-100
1773578354.452582,21.9,28.8,1,-4152,-136,-100
1773578354.4733777,21.9,28.8,1,-4152,-136,-100
1773578354.4939115,21.9,28.8,0,-4212,-96,68
1773578354.514426,21.9,28.8,0,-4212,-96,68
1773578354.5359719,21.9,28.8,1,-4140,-84,-12
1773578354.5565097,21.9,28.8,1,-4140,-84,-12
1773578354.5774617,21.9,28.8,1,-4140,-84,-12
1773578354.5983846,21.9,28.8,1,-4152,-140,-48
1773578354.6186693,21.9,28.8,1,-4152,-140,-48
1773578354.6391675,21.9,28.8,0,-4220,-112,36
1773578354.659513,21.9,28.8,0,-4220,-112,36
1773578354.6798418,21.9,28.8,0,-4220,-112,36
1773578354.700474,21.9,28.8,0,-4168,-116,60
1773578354.7210326,21.9,28.8,0,-4168,-116,60
1773578354.7415633,21.9,28.8,0,-4168,-116,60
1773578354.7626343,21.9,28.8,0,-4168,-116,60
1773578354.782815,21.9,28.8,0,-4196,-88,48
1773578354.8059123,21.9,28.8,0,-4196,-88,48
1773578354.8262718,21.9,28.8,0,-4140,-128,8
1773578354.846733,21.9,28.8,0,-4140,-128,8
1773578354.8670413,21.9,28.8,0,-4140,-128,8
1773578354.8875296,21.9,28.8,1,-4172,-112,-80
1773578354.90789,21.9,28.8,1,-4172,-112,-80
1773578354.9283264,21.9,28.8,0,-4216,-120,44
1773578354.9488838,21.9,28.8,0,-4216,-120,44
1773578354.9693878,21.9,28.8,0,-4216,-120,44
1773578354.9898157,21.9,28.8,0,-4184,-128,80
1773578355.0105956,21.9,28.8,0,-4184,-128,80
1773578355.0311704,21.9,28.8,0,-4184,-128,80
1773578355.052043,21.9,28.8,1,-4128,-104,-80
1773578355.0725253,21.9,28.8,1,-4128,-104,-80
1773578355.0930061,21.9,28.8,1,-4160,-80,-4
1773578355.113376,21.9,28.8,1,-4160,-80,-4
1773578355.1351137,21.9,28.8,1,-4160,-80,-4
1773578355.155531,21.9,28.8,1,-4188,-84,92
1773578355.1760814,21.9,28.8,1,-4188,-84,92
1773578355.1966958,21.9,28.8,0,-4156,-112,-48
1773578355.216926,21.9,28.8,0,-4156,-112,-48
1773578355.2375562,21.9,28.8,0,-4156,-112,-48
1773578355.258195,21.9,28.8,1,-4152,-116,-56
1773578355.2788095,21.9,28.8,1,-4152,-116,-56
1773578355.2995512,21.9,28.8,0,-4204,-84,60
1773578355.3200922,21.9,28.8,0,-4204,-84,60
1773578355.3408027,21.9,28.8,0,-4204,-84,60
1773578355.3613727,21.9,28.8,0,-4140,-116,28
1773578355.3818173,21.9,28.8,0,-4140,-116,28
1773578355.4020624,21.9,28.8,0,-4140,-116,28
1773578355.4223921,21.9,28.8,1,-4136,-144,-64
1773578355.443092,21.9,28.8,1,-4136,-144,-64
1773578355.4633636,21.9,28.8,1,-4236,-96,16
1773578355.4841387,21.9,28.8,1,-4236,-96,16
1773578355.5047724,21.9,28.8,1,-4236,-96,16
1773578355.5252898,21.9,28.8,0,-4204,-112,60
1773578355.5456247,21.9,28.8,0,-4204,-112,60
1773578355.566507,21.9,28.8,1,-4168,-128,-60
1773578355.5870292,21.9,28.8,1,-4168,-128,-60
1773578355.6076045,21.9,28.8,1,-4168,-128,-60
1773578355.6280508,21.9,28.8,1,-4204,-84,0
1773578355.6484644,21.9,28.8,1,-4204,-84,0
1773578355.6692557,21.9,28.8,0,-4188,-88,76
1773578355.689787,21.9,28.8,0,-4188,-88,76
1773578355.7103815,21.9,28.8,0,-4188,-88,76
1773578355.7308495,21.9,28.8,1,-4164,-120,-48
1773578355.7513914,21.9,28.8,1,-4164,-120,-48
1773578355.7718155,21.9,28.8,1,-4164,-120,-48
1773578355.792566,21.9,28.8,1,-4160,-128,-64
1773578355.813224,21.9,28.8,1,-4160,-128,-64
1773578355.833897,21.9,28.8,0,-4224,-80,84
1773578355.8542433,21.9,28.8,0,-4224,-80,84
1773578355.8747551,21.9,28.8,0,-4224,-80,84
1773578355.8953779,21.9,28.8,1,-4188,-92,-12
1773578355.9158297,21.9,28.8,1,-4188,-92,-12
1773578355.9367733,21.9,28.8,1,-4160,-120,-56
1773578355.957023,21.9,28.8,1,-4160,-120,-56
1773578355.9778664,21.9,28.8,1,-4160,-120,-56
1773578355.998417,21.9,28.8,1,-4228,-80,68
1773578356.0191863,21.9,28.8,1,-4228,-80,68
1773578356.039883,21.9,28.8,0,-4196,-96,56
1773578356.060225,21.9,28.8,0,-4196,-96,56
1773578356.0807362,21.9,28.8,0,-4196,-96,56
1773578356.1012158,21.9,28.8,1,-4116,-124,-52
1773578356.1220427,21.9,28.8,1,-4116,-124,-52
1773578356.142785,21.9,28.8,1,-4116,-124,-52
1773578356.1632843,21.9,28.8,1,-4228,-108,24
1773578356.1837506,21.9,28.8,1,-4228,-108,24
1773578356.2045555,21.9,28.8,0,-4224,-60,108
1773578356.2249217,21.9,28.8,0,-4224,-60,108
1773578356.245318,21.9,28.8,0,-4224,-60,108
1773578356.2661307,21.9,28.8,1,-4160,-140,-4
1773578356.2873807,21.9,28.8,1,-4160,-140,-4
1773578356.30798,21.9,28.8,1,-4200,-124,-16
1773578356.3284912,21.9,28.8,1,-4200,-124,-16
1773578356.3490112,21.9,28.8,1,-4200,-124,-16
1773578356.3697808,21.9,28.8,1,-4220,-72,56
1773578356.3903537,21.9,28.8,1,-4220,-72,56
1773578356.4109926,21.9,28.8,1,-4220,-72,56
1773578356.4316149,21.9,28.8,0,-4160,-104,36
1773578356.452287,21.9,28.8,0,-4160,-104,36
1773578356.472709,21.9,28.8,1,-4136,-96,-60
1773578356.4930658,21.9,28.8,1,-4136,-96,-60
1773578356.5136707,21.9,28.8,1,-4136,-96,-60
1773578356.534184,21.9,28.8,0,-4212,-100,40
1773578356.5547495,21.9,28.8,0,-4212,-100,40
1773578356.5754287,21.9,28.8,0,-4172,-128,72
1773578356.5960019,21.9,28.8,0,-4172,-128,72
1773578356.6166954,21.9,28.8,0,-4172,-128,72
1773578356.6371272,21.9,28.8,1,-4112,-136,-64
1773578356.657824,21.9,28.8,1,-4112,-136,-64
1773578356.6784766,21.9,28.8,0,-4184,-124,-20
1773578356.6990452,21.9,28.8,0,-4184,-124,-20
1773578356.719663,21.9,28.8,0,-4184,-124,-20
1773578356.7401814,21.9,28.8,0,-4200,-88,104
1773578356.7610254,21.9,28.8,0,-4200,-88,104
1773578356.781451,21.9,28.8,0,-4200,-88,104
1773578356.8021543,21.9,28.8,0,-4200,-88,104
1773578356.8224595,21.9,28.8,0,-4228,-100,44
1773578356.8429627,21.9,28.8,0,-4228,-100,44
1773578356.8634994,21.9,28.8,0,-4192,-100,4
1773578356.8837857,21.9,28.8,0,-4192,-100,4
1773578356.9041052,21.9,28.8,0,-4192,-100,4
1773578356.924499,21.9,28.8,1,-4096,-128,-56
1773578356.9449153,21.9,28.8,1,-4096,-128,-56
1773578356.9656196,21.9,28.8,1,-4096,-128,-56
1773578356.9861717,21.9,28.8,1,-4212,-88,-8
1773578357.006474,21.9,28.8,1,-4212,-88,-8
1773578357.0267646,21.9,28.8,0,-4216,-76,64
1773578357.0469954,21.9,28.8,0,-4216,-76,64
1773578357.067528,21.9,28.8,0,-4216,-76,64
1773578357.0878654,21.9,28.8,1,-4076,-104,-48
1773578357.108311,21.9,28.8,1,-4076,-104,-48
1773578357.1289477,21.9,28.8,1,-4200,-124,-32
1773578357.1493595,21.9,28.8,1,-4200,-124,-32
1773578357.1696966,21.9,28.8,1,-4200,-124,-32
1773578357.1899195,21.9,28.8,0,-4216,-84,72
1773578357.2107003,21.9,28.8,0,-4216,-84,72
1773578357.231145,21.9,28.8,0,-4216,-84,72
1773578357.252287,21.9,28.8,0,-4124,-120,-4
1773578357.2729824,21.9,28.8,0,-4124,-120,-4
1773578357.293607,21.9,28.8,1,-4172,-120,-88
1773578357.3141363,21.9,28.8,1,-4172,-120,-88
1773578357.3344827,21.9,28.8,1,-4172,-120,-88
1773578357.3549085,21.9,28.8,0,-4216,-92,44
1773578357.375388,21.9,28.8,0,-4216,-92,44
1773578357.3960822,21.9,28.8,0,-4188,-120,36
1773578357.4168,21.9,28.8,0,-4188,-120,36
1773578357.4372196,21.9,28.8,0,-4188,-120,36
1773578357.4576771,21.9,28.8,1,-4148,-100,-60
1773578357.4781811,21.9,28.8,1,-4148,-100,-60
1773578357.4987254,21.9,28.8,0,-4184,-116,12
1773578357.5194035,21.9,28.8,0,-4184,-116,12
1773578357.539971,21.9,28.8,0,-4184,-116,12
1773578357.5604086,21.9,28.8,0,-4228,-72,116
1773578357.5807498,21.9,28.8,0,-4228,-72,116
1773578357.6013672,21.9,28.8,0,-4228,-72,116
1773578357.6219082,21.9,28.8,0,-4124,-120,-48
1773578357.6425242,21.9,28.8,0,-4124,-120,-48
1773578357.663229,21.9,28.8,1,-4180,-108,-32
1773578357.6837187,21.9,28.8,1,-4180,-108,-32
1773578357.7044895,21.9,28.8,1,-4180,-108,-32
1773578357.7251375,21.9,28.8,1,-4212,-68,56
1773578357.745637,21.9,28.8,1,-4212,-68,56
1773578357.7658892,21.9,28.8,0,-4176,-116,16
1773578357.7864587,21.9,28.8,0,-4176,-116,16
1773578357.807077,21.9,28.8,0,-4176,-116,16
1773578357.8272905,21.9,28.8,1,-4156,-128,-52
1773578357.8474655,21.9,28.8,1,-4156,-128,-52
1773578357.8678346,21.9,28.8,1,-4156,-128,-52
1773578357.888227,21.9,28.8,1,-4212,-72,52
1773578357.9086564,21.9,28.8,1,-4212,-72,52
1773578357.9298835,21.9,28.8,0,-4160,-92,24
1773578357.9503114,21.9,28.8,0,-4160,-92,24
1773578357.9709723,21.9,28.8,0,-4160,-92,24
1773578357.99153,21.9,28.8,1,-4128,-116,-60
1773578358.0118005,21.9,28.8,1,-4128,-116,-60
1773578358.0319977,21.9,28.8,0,-4224,-96,-24
1773578358.0524242,21.9,28.8,0,-4224,-96,-24
1773578358.072914,21.9,28.8,0,-4224,-96,-24
1773578358.0936027,21.9,28.8,0,-4160,-112,56
1773578358.1141684,21.9,28.8,0,-4160,-112,56
1773578358.1346183,21.9,28.8,1,-4120,-132,-64
1773578358.1549394,21.9,28.8,1,-4120,-132,-64
1773578358.1754212,21.9,28.8,1,-4120,-132,-64
1773578358.1961198,21.9,28.8,1,-4180,-112,-60
1773578358.2166615,21.9,28.8,1,-4180,-112,-60
1773578358.2370732,21.9,28.8,1,-4180,-112,-60
1773578358.2576437,21.9,28.8,0,-4188,-68,76
1773578358.2781882,21.9,28.8,0,-4188,-68,76
1773578358.2985463,21.9,28.8,1,-4148,-132,-48
1773578358.3193502,21.9,28.8,1,-4148,-132,-48
1773578358.3398757,21.9,28.8,1,-4148,-132,-48
1773578358.3606172,21.9,28.8,1,-4136,-104,-96
1773578358.3811905,21.9,28.8,1,-4136,-104,-96
1773578358.4017465,21.9,28.8,0,-4224,-116,48
1773578358.4226422,21.9,28.8,0,-4224,-116,48
1773578358.4429379,21.9,28.8,0,-4224,-116,48
1773578358.4635267,21.9,28.8,0,-4160,-104,8
1773578358.4844532,21.9,28.8,0,-4160,-104,8
1773578358.5054774,21.9,28.8,1,-4132,-128,-68
1773578358.5268517,21.9,28.8,1,-4132,-128,-68
1773578358.5473223,21.9,28.8,1,-4132,-128,-68
1773578358.5678022,21.9,28.8,1,-4184,-112,-4
